<?xml version="1.0" encoding="UTF-8"?>
<beans xmlns="http://www.springframework.org/schema/beans" 
	xmlns:xsi="http://www.w3.org/2001/XMLSchema-instance"
	xmlns:context="http://www.springframework.org/schema/context" 
	xmlns:jdbc="http://www.springframework.org/schema/jdbc"  
	xmlns:jee="http://www.springframework.org/schema/jee" 
	xmlns:tx="http://www.springframework.org/schema/tx"
	xmlns:aop="http://www.springframework.org/schema/aop" 
	xmlns:mvc="http://www.springframework.org/schema/mvc"
	xmlns:util="http://www.springframework.org/schema/util"
	xmlns:jpa="http://www.springframework.org/schema/data/jpa"
	xsi:schemaLocation="
		http://www.springframework.org/schema/beans http://www.springframework.org/schema/beans/spring-beans-3.2.xsd
		http://www.springframework.org/schema/context http://www.springframework.org/schema/context/spring-context-3.2.xsd
		http://www.springframework.org/schema/jdbc http://www.springframework.org/schema/jdbc/spring-jdbc-3.2.xsd
		http://www.springframework.org/schema/jee http://www.springframework.org/schema/jee/spring-jee-3.2.xsd
		http://www.springframework.org/schema/tx http://www.springframework.org/schema/tx/spring-tx-3.2.xsd
		http://www.springframework.org/schema/data/jpa http://www.springframework.org/schema/data/jpa/spring-jpa-1.3.xsd
		http://www.springframework.org/schema/aop http://www.springframework.org/schema/aop/spring-aop-3.2.xsd
		http://www.springframework.org/schema/mvc http://www.springframework.org/schema/mvc/spring-mvc-3.2.xsd
		http://www.springframework.org/schema/util http://www.springframework.org/schema/util/spring-util-3.2.xsd">
   <!-- 注解扫描 -->
   <context:component-scan 
   		base-package="cn.tedu.ajax.controller"/>
   
   <!-- 配置视图解析器 -->
   <bean id="viewResolver"
   	class="org.springframework.web.servlet.view.InternalResourceViewResolver">
   		<!-- 
   			prefix 表示前缀
 			suffix 表示后缀
   		 -->
   		<property name="prefix" value="/web/"/>
   		<property name="suffix" value=".jsp"/>
   	</bean>
   	
   	<!-- mvc注解驱动（功能更加强大） -->
  	<mvc:annotation-driven>
  		<mvc:message-converters>
  			<!-- 设置异步请求响应数据中文不乱码 -->
  			<bean class="org.springframework.http.converter.StringHttpMessageConverter">
  				<constructor-arg index="0" value="utf-8"></constructor-arg>
  			</bean>
  		</mvc:message-converters>
  	</mvc:annotation-driven>
  	
</beans>
































